datetime,conditions,quarter
2000-01-01,Partially cloudy,1
2000-01-02,Clear,1
2000-01-03,Clear,1
2000-01-04,Clear,1
2000-01-05,Clear,1
2000-01-06,Clear,1
2000-01-07,Partially cloudy,1
2000-01-08,Partially cloudy,1
2000-01-09,Partially cloudy,1
2000-01-10,Partially cloudy,1
2000-01-11,Partially cloudy,1
2000-01-12,Partially cloudy,1
2000-01-13,"Rain, Partially cloudy",1
2000-01-14,Partially cloudy,1
2000-01-15,Partially cloudy,1
2000-01-16,"Rain, Partially cloudy",1
2000-01-17,"Rain, Partially cloudy",1
2000-01-18,Partially cloudy,1
2000-01-19,Partially cloudy,1
2000-01-20,Partially cloudy,1
2000-01-21,Partially cloudy,1
2000-01-22,Partially cloudy,1
2000-01-23,Partially cloudy,1
2000-01-24,"Rain, Partially cloudy",1
2000-01-25,"Rain, Partially cloudy",1
2000-01-26,Clear,1
2000-01-27,Clear,1
2000-01-28,Partially cloudy,1
2000-01-29,"Rain, Partially cloudy",1
2000-01-30,"Rain, Partially cloudy",1
2000-01-31,"Rain, Partially cloudy",1
2000-02-01,Partially cloudy,1
2000-02-02,Clear,1
2000-02-03,Clear,1
2000-02-04,Partially cloudy,1
2000-02-05,"Rain, Partially cloudy",1
2000-02-06,Clear,1
2000-02-07,Partially cloudy,1
2000-02-08,Partially cloudy,1
2000-02-09,Partially cloudy,1
2000-02-10,"Rain, Partially cloudy",1
2000-02-11,"Rain, Partially cloudy",1
2000-02-12,"Rain, Partially cloudy",1
2000-02-13,"Rain, Partially cloudy",1
2000-02-14,"Rain, Partially cloudy",1
2000-02-15,Partially cloudy,1
2000-02-16,"Rain, Partially cloudy",1
2000-02-17,Partially cloudy,1
2000-02-18,Partially cloudy,1
2000-02-19,Partially cloudy,1
2000-02-20,"Rain, Partially cloudy",1
2000-02-21,"Rain, Partially cloudy",1
2000-02-22,Partially cloudy,1
2000-02-23,"Rain, Partially cloudy",1
2000-02-24,Partially cloudy,1
2000-02-25,Partially cloudy,1
2000-02-26,Clear,1
2000-02-27,"Rain, Partially cloudy",1
2000-02-28,Partially cloudy,1
2000-02-29,Partially cloudy,1
2000-03-01,Partially cloudy,1
2000-03-02,Partially cloudy,1
2000-03-03,"Rain, Partially cloudy",1
2000-03-04,"Rain, Partially cloudy",1
2000-03-05,"Rain, Partially cloudy",1
2000-03-06,"Rain, Partially cloudy",1
2000-03-07,Partially cloudy,1
2000-03-08,"Rain, Partially cloudy",1
2000-03-09,"Rain, Partially cloudy",1
2000-03-10,Clear,1
2000-03-11,Clear,1
2000-03-12,Partially cloudy,1
2000-03-13,Partially cloudy,1
2000-03-14,Partially cloudy,1
2000-03-15,Partially cloudy,1
2000-03-16,Partially cloudy,1
2000-03-17,Partially cloudy,1
2000-03-18,Clear,1
2000-03-19,Clear,1
2000-03-20,Partially cloudy,1
2000-03-21,Clear,1
2000-03-22,Clear,1
2000-03-23,Partially cloudy,1
2000-03-24,Partially cloudy,1
2000-03-25,Partially cloudy,1
2000-03-26,Clear,1
2000-03-27,Partially cloudy,1
2000-03-28,Partially cloudy,1
2000-03-29,Partially cloudy,1
2000-03-30,Clear,1
2000-03-31,Clear,1
2001-01-01,Partially cloudy,1
2001-01-02,Rain,1
2001-01-03,Clear,1
2001-01-04,Partially cloudy,1
2001-01-05,Partially cloudy,1
2001-01-06,Partially cloudy,1
2001-01-07,Partially cloudy,1
2001-01-08,"Rain, Partially cloudy",1
2001-01-09,"Rain, Partially cloudy",1
2001-01-10,"Rain, Partially cloudy",1
2001-01-11,"Rain, Partially cloudy",1
2001-01-12,"Rain, Partially cloudy",1
2001-01-13,Clear,1
2001-01-14,Clear,1
2001-01-15,Partially cloudy,1
2001-01-16,Clear,1
2001-01-17,Clear,1
2001-01-18,Partially cloudy,1
2001-01-19,Partially cloudy,1
2001-01-20,Clear,1
2001-01-21,Partially cloudy,1
2001-01-22,Partially cloudy,1
2001-01-23,Partially cloudy,1
2001-01-24,"Rain, Partially cloudy",1
2001-01-25,Partially cloudy,1
2001-01-26,"Rain, Partially cloudy",1
2001-01-27,Partially cloudy,1
2001-01-28,Partially cloudy,1
2001-01-29,Partially cloudy,1
2001-01-30,Clear,1
2001-01-31,Clear,1
2001-02-01,Clear,1
2001-02-02,Clear,1
2001-02-03,Clear,1
2001-02-04,Clear,1
2001-02-05,Partially cloudy,1
2001-02-06,Partially cloudy,1
2001-02-07,"Rain, Partially cloudy",1
2001-02-08,Clear,1
2001-02-09,Partially cloudy,1
2001-02-10,"Rain, Partially cloudy",1
2001-02-11,"Rain, Partially cloudy",1
2001-02-12,"Rain, Partially cloudy",1
2001-02-13,"Rain, Partially cloudy",1
2001-02-14,"Rain, Partially cloudy",1
2001-02-15,Clear,1
2001-02-16,Clear,1
2001-02-17,Partially cloudy,1
2001-02-18,"Rain, Partially cloudy",1
2001-02-19,"Rain, Partially cloudy",1
2001-02-20,Partially cloudy,1
2001-02-21,Partially cloudy,1
2001-02-22,Partially cloudy,1
2001-02-23,"Rain, Partially cloudy",1
2001-02-24,"Rain, Partially cloudy",1
2001-02-25,"Rain, Partially cloudy",1
2001-02-26,"Rain, Partially cloudy",1
2001-02-27,"Rain, Partially cloudy",1
2001-02-28,"Rain, Partially cloudy",1
2001-03-01,Clear,1
2001-03-02,Partially cloudy,1
2001-03-03,Partially cloudy,1
2001-03-04,"Rain, Partially cloudy",1
2001-03-05,"Rain, Partially cloudy",1
2001-03-06,"Rain, Partially cloudy",1
2001-03-07,"Rain, Partially cloudy",1
2001-03-08,Partially cloudy,1
2001-03-09,"Rain, Partially cloudy",1
2001-03-10,Partially cloudy,1
2001-03-11,Partially cloudy,1
2001-03-12,Partially cloudy,1
2001-03-13,Clear,1
2001-03-14,Partially cloudy,1
2001-03-15,Partially cloudy,1
2001-03-16,Partially cloudy,1
2001-03-17,Partially cloudy,1
2001-03-18,Clear,1
2001-03-19,Clear,1
2001-03-20,"Rain, Partially cloudy",1
2001-03-21,Partially cloudy,1
2001-03-22,Partially cloudy,1
2001-03-23,Partially cloudy,1
2001-03-24,Partially cloudy,1
2001-03-25,Partially cloudy,1
2001-03-26,Partially cloudy,1
2001-03-27,Partially cloudy,1
2001-03-28,Partially cloudy,1
2001-03-29,Partially cloudy,1
2001-03-30,Partially cloudy,1
2001-03-31,Partially cloudy,1
2002-01-01,Partially cloudy,1
2002-01-02,"Rain, Partially cloudy",1
2002-01-03,"Rain, Partially cloudy",1
2002-01-04,Partially cloudy,1
2002-01-05,Partially cloudy,1
2002-01-06,Partially cloudy,1
2002-01-07,Partially cloudy,1
2002-01-08,Partially cloudy,1
2002-01-09,Partially cloudy,1
2002-01-10,Clear,1
2002-01-11,Clear,1
2002-01-12,Clear,1
2002-01-13,Clear,1
2002-01-14,Partially cloudy,1
2002-01-15,Partially cloudy,1
2002-01-16,Partially cloudy,1
2002-01-17,Clear,1
2002-01-18,Partially cloudy,1
2002-01-19,Partially cloudy,1
2002-01-20,Clear,1
2002-01-21,Clear,1
2002-01-22,Partially cloudy,1
2002-01-23,Clear,1
2002-01-24,Clear,1
2002-01-25,Partially cloudy,1
2002-01-26,Partially cloudy,1
2002-01-27,"Rain, Partially cloudy",1
2002-01-28,"Rain, Partially cloudy",1
2002-01-29,"Rain, Partially cloudy",1
2002-01-30,Clear,1
2002-01-31,Clear,1
2002-02-01,Partially cloudy,1
2002-02-02,Clear,1
2002-02-03,Clear,1
2002-02-04,Clear,1
2002-02-05,Clear,1
2002-02-06,Clear,1
2002-02-07,Clear,1
2002-02-08,Partially cloudy,1
2002-02-09,Clear,1
2002-02-10,Clear,1
2002-02-11,Clear,1
2002-02-12,Partially cloudy,1
2002-02-13,Partially cloudy,1
2002-02-14,Partially cloudy,1
2002-02-15,Partially cloudy,1
2002-02-16,Partially cloudy,1
2002-02-17,"Rain, Partially cloudy",1
2002-02-18,Partially cloudy,1
2002-02-19,Partially cloudy,1
2002-02-20,Partially cloudy,1
2002-02-21,Clear,1
2002-02-22,Clear,1
2002-02-23,Partially cloudy,1
2002-02-24,Clear,1
2002-02-25,Clear,1
2002-02-26,Partially cloudy,1
2002-02-27,Partially cloudy,1
2002-02-28,Partially cloudy,1
2002-03-01,Partially cloudy,1
2002-03-02,Clear,1
2002-03-03,Clear,1
2002-03-04,Clear,1
2002-03-05,Partially cloudy,1
2002-03-06,"Rain, Partially cloudy",1
2002-03-07,"Rain, Partially cloudy",1
2002-03-08,Partially cloudy,1
2002-03-09,Partially cloudy,1
2002-03-10,Partially cloudy,1
2002-03-11,Clear,1
2002-03-12,Partially cloudy,1
2002-03-13,Partially cloudy,1
2002-03-14,Clear,1
2002-03-15,Clear,1
2002-03-16,Clear,1
2002-03-17,"Rain, Partially cloudy",1
2002-03-18,Clear,1
2002-03-19,Clear,1
2002-03-20,Clear,1
2002-03-21,Partially cloudy,1
2002-03-22,Clear,1
2002-03-23,"Rain, Partially cloudy",1
2002-03-24,Partially cloudy,1
2002-03-25,Partially cloudy,1
2002-03-26,Clear,1
2002-03-27,Partially cloudy,1
2002-03-28,"Rain, Partially cloudy",1
2002-03-29,Partially cloudy,1
2002-03-30,Partially cloudy,1
2002-03-31,Partially cloudy,1
2003-01-01,Clear,1
2003-01-02,Clear,1
2003-01-03,Partially cloudy,1
2003-01-04,Partially cloudy,1
2003-01-05,Clear,1
2003-01-06,Clear,1
2003-01-07,Clear,1
2003-01-08,Partially cloudy,1
2003-01-09,Partially cloudy,1
2003-01-10,Partially cloudy,1
2003-01-11,Partially cloudy,1
2003-01-12,"Rain, Partially cloudy",1
2003-01-13,Clear,1
2003-01-14,Partially cloudy,1
2003-01-15,Rain,1
2003-01-16,Clear,1
2003-01-17,Clear,1
2003-01-18,Clear,1
2003-01-19,Clear,1
2003-01-20,Partially cloudy,1
2003-01-21,Partially cloudy,1
2003-01-22,Partially cloudy,1
2003-01-23,Partially cloudy,1
2003-01-24,Partially cloudy,1
2003-01-25,Partially cloudy,1
2003-01-26,Partially cloudy,1
2003-01-27,Partially cloudy,1
2003-01-28,Partially cloudy,1
2003-01-29,Partially cloudy,1
2003-01-30,Clear,1
2003-01-31,Partially cloudy,1
2003-02-01,Partially cloudy,1
2003-02-02,Clear,1
2003-02-03,Clear,1
2003-02-04,Partially cloudy,1
2003-02-05,Clear,1
2003-02-06,Clear,1
2003-02-07,Partially cloudy,1
2003-02-08,Clear,1
2003-02-09,Clear,1
2003-02-10,Partially cloudy,1
2003-02-11,"Rain, Partially cloudy",1
2003-02-12,"Rain, Partially cloudy",1
2003-02-13,"Rain, Partially cloudy",1
2003-02-14,Partially cloudy,1
2003-02-15,Partially cloudy,1
2003-02-16,Partially cloudy,1
2003-02-17,Partially cloudy,1
2003-02-18,Partially cloudy,1
2003-02-19,Partially cloudy,1
2003-02-20,Clear,1
2003-02-21,Clear,1
2003-02-22,Partially cloudy,1
2003-02-23,Partially cloudy,1
2003-02-24,"Rain, Partially cloudy",1
2003-02-25,"Rain, Partially cloudy",1
2003-02-26,"Rain, Partially cloudy",1
2003-02-27,"Rain, Partially cloudy",1
2003-02-28,Partially cloudy,1
2003-03-01,Partially cloudy,1
2003-03-02,Clear,1
2003-03-03,Partially cloudy,1
2003-03-04,"Rain, Partially cloudy",1
2003-03-05,Clear,1
2003-03-06,Clear,1
2003-03-07,Clear,1
2003-03-08,Clear,1
2003-03-09,Clear,1
2003-03-10,Clear,1
2003-03-11,Clear,1
2003-03-12,Partially cloudy,1
2003-03-13,Partially cloudy,1
2003-03-14,Partially cloudy,1
2003-03-15,"Rain, Partially cloudy",1
2003-03-16,"Rain, Partially cloudy",1
2003-03-17,Rain,1
2003-03-18,Clear,1
2003-03-19,Clear,1
2003-03-20,Partially cloudy,1
2003-03-21,Clear,1
2003-03-22,Clear,1
2003-03-23,Partially cloudy,1
2003-03-24,Partially cloudy,1
2003-03-25,Clear,1
2003-03-26,Clear,1
2003-03-27,Partially cloudy,1
2003-03-28,Clear,1
2003-03-29,Clear,1
2003-03-30,Clear,1
2003-03-31,Clear,1
2004-01-01,Partially cloudy,1
2004-01-02,"Rain, Overcast",1
2004-01-03,Rain,1
2004-01-04,Clear,1
2004-01-05,Clear,1
2004-01-06,Partially cloudy,1
2004-01-07,Partially cloudy,1
2004-01-08,Clear,1
2004-01-09,Partially cloudy,1
2004-01-10,Clear,1
2004-01-11,Clear,1
2004-01-12,Partially cloudy,1
2004-01-13,Clear,1
2004-01-14,Clear,1
2004-01-15,Clear,1
2004-01-16,Partially cloudy,1
2004-01-17,Partially cloudy,1
2004-01-18,Partially cloudy,1
2004-01-19,Partially cloudy,1
2004-01-20,Partially cloudy,1
2004-01-21,"Rain, Partially cloudy",1
2004-01-22,Clear,1
2004-01-23,Clear,1
2004-01-24,Partially cloudy,1
2004-01-25,Partially cloudy,1
2004-01-26,Partially cloudy,1
2004-01-27,"Rain, Partially cloudy",1
2004-01-28,"Rain, Partially cloudy",1
2004-01-29,Clear,1
2004-01-30,Partially cloudy,1
2004-01-31,Partially cloudy,1
2004-02-01,Clear,1
2004-02-02,"Rain, Partially cloudy",1
2004-02-03,"Rain, Partially cloudy",1
2004-02-04,Rain,1
2004-02-05,Clear,1
2004-02-06,Clear,1
2004-02-07,Clear,1
2004-02-08,Clear,1
2004-02-09,Clear,1
2004-02-10,Clear,1
2004-02-11,Clear,1
2004-02-12,Clear,1
2004-02-13,Partially cloudy,1
2004-02-14,Partially cloudy,1
2004-02-15,Partially cloudy,1
2004-02-16,Partially cloudy,1
2004-02-17,Partially cloudy,1
2004-02-18,"Rain, Partially cloudy",1
2004-02-19,"Rain, Partially cloudy",1
2004-02-20,"Rain, Partially cloudy",1
2004-02-21,"Rain, Overcast",1
2004-02-22,"Rain, Overcast",1
2004-02-23,"Rain, Partially cloudy",1
2004-02-24,Partially cloudy,1
2004-02-25,"Rain, Overcast",1
2004-02-26,"Rain, Partially cloudy",1
2004-02-27,"Rain, Partially cloudy",1
2004-02-28,Clear,1
2004-02-29,Partially cloudy,1
2004-03-01,"Rain, Partially cloudy",1
2004-03-02,"Rain, Partially cloudy",1
2004-03-03,Partially cloudy,1
2004-03-04,Partially cloudy,1
2004-03-05,Partially cloudy,1
2004-03-06,Clear,1
2004-03-07,Clear,1
2004-03-08,Clear,1
2004-03-09,Clear,1
2004-03-10,Partially cloudy,1
2004-03-11,Partially cloudy,1
2004-03-12,Partially cloudy,1
2004-03-13,Partially cloudy,1
2004-03-14,Partially cloudy,1
2004-03-15,Partially cloudy,1
2004-03-16,Partially cloudy,1
2004-03-17,Partially cloudy,1
2004-03-18,Partially cloudy,1
2004-03-19,Partially cloudy,1
2004-03-20,Partially cloudy,1
2004-03-21,Partially cloudy,1
2004-03-22,Partially cloudy,1
2004-03-23,Partially cloudy,1
2004-03-24,Partially cloudy,1
2004-03-25,Partially cloudy,1
2004-03-26,Partially cloudy,1
2004-03-27,Clear,1
2004-03-28,Clear,1
2004-03-29,Clear,1
2004-03-30,Partially cloudy,1
2004-03-31,Partially cloudy,1
2005-01-01,"Rain, Partially cloudy",1
2005-01-02,"Rain, Overcast",1
2005-01-03,"Rain, Overcast",1
2005-01-04,"Rain, Partially cloudy",1
2005-01-05,Partially cloudy,1
2005-01-06,Partially cloudy,1
2005-01-07,"Rain, Overcast",1
2005-01-08,"Rain, Partially cloudy",1
2005-01-09,"Rain, Partially cloudy",1
2005-01-10,"Rain, Partially cloudy",1
2005-01-11,"Rain, Partially cloudy",1
2005-01-12,Clear,1
2005-01-13,Partially cloudy,1
2005-01-14,Clear,1
2005-01-15,Clear,1
2005-01-16,Clear,1
2005-01-17,Clear,1
2005-01-18,Clear,1
2005-01-19,Clear,1
2005-01-20,Partially cloudy,1
2005-01-21,Clear,1
2005-01-22,Partially cloudy,1
2005-01-23,Rain,1
2005-01-24,"Rain, Partially cloudy",1
2005-01-25,Partially cloudy,1
2005-01-26,"Rain, Overcast",1
2005-01-27,"Rain, Partially cloudy",1
2005-01-28,"Rain, Partially cloudy",1
2005-01-29,Clear,1
2005-01-30,Clear,1
2005-01-31,Clear,1
2005-02-01,Clear,1
2005-02-02,Clear,1
2005-02-03,Clear,1
2005-02-04,Clear,1
2005-02-05,Partially cloudy,1
2005-02-06,"Rain, Partially cloudy",1
2005-02-07,"Rain, Overcast",1
2005-02-08,Partially cloudy,1
2005-02-09,Clear,1
2005-02-10,"Rain, Partially cloudy",1
2005-02-11,"Rain, Overcast",1
2005-02-12,"Rain, Partially cloudy",1
2005-02-13,Partially cloudy,1
2005-02-14,Partially cloudy,1
2005-02-15,Partially cloudy,1
2005-02-16,Partially cloudy,1
2005-02-17,"Rain, Partially cloudy",1
2005-02-18,"Rain, Overcast",1
2005-02-19,"Rain, Overcast",1
2005-02-20,"Rain, Overcast",1
2005-02-21,"Rain, Overcast",1
2005-02-22,"Rain, Overcast",1
2005-02-23,"Rain, Partially cloudy",1
2005-02-24,Partially cloudy,1
2005-02-25,"Rain, Partially cloudy",1
2005-02-26,"Rain, Partially cloudy",1
2005-02-27,Partially cloudy,1
2005-02-28,Partially cloudy,1
2005-03-01,Partially cloudy,1
2005-03-02,"Rain, Partially cloudy",1
2005-03-03,"Rain, Overcast",1
2005-03-04,"Rain, Partially cloudy",1
2005-03-05,"Rain, Partially cloudy",1
2005-03-06,Partially cloudy,1
2005-03-07,Partially cloudy,1
2005-03-08,Partially cloudy,1
2005-03-09,Partially cloudy,1
2005-03-10,Partially cloudy,1
2005-03-11,Partially cloudy,1
2005-03-12,Partially cloudy,1
2005-03-13,"Rain, Overcast",1
2005-03-14,Partially cloudy,1
2005-03-15,Clear,1
2005-03-16,Partially cloudy,1
2005-03-17,Partially cloudy,1
2005-03-18,"Rain, Partially cloudy",1
2005-03-19,"Rain, Partially cloudy",1
2005-03-20,"Rain, Partially cloudy",1
2005-03-21,Partially cloudy,1
2005-03-22,"Rain, Partially cloudy",1
2005-03-23,"Rain, Partially cloudy",1
2005-03-24,"Rain, Partially cloudy",1
2005-03-25,Clear,1
2005-03-26,Partially cloudy,1
2005-03-27,Partially cloudy,1
2005-03-28,"Rain, Partially cloudy",1
2005-03-29,Clear,1
2005-03-30,Clear,1
2005-03-31,Clear,1
2006-01-01,"Rain, Overcast",1
2006-01-02,"Rain, Overcast",1
2006-01-03,Partially cloudy,1
2006-01-04,Rain,1
2006-01-05,Clear,1
2006-01-06,Clear,1
2006-01-07,Clear,1
2006-01-08,Clear,1
2006-01-09,Rain,1
2006-01-10,Clear,1
2006-01-11,Clear,1
2006-01-12,Clear,1
2006-01-13,"Rain, Partially cloudy",1
2006-01-14,"Rain, Partially cloudy",1
2006-01-15,Rain,1
2006-01-16,Clear,1
2006-01-17,Clear,1
2006-01-18,Partially cloudy,1
2006-01-19,Clear,1
2006-01-20,Clear,1
2006-01-21,Clear,1
2006-01-22,Clear,1
2006-01-23,Clear,1
2006-01-24,Clear,1
2006-01-25,Partially cloudy,1
2006-01-26,Partially cloudy,1
2006-01-27,Clear,1
2006-01-28,Clear,1
2006-01-29,Rain,1
2006-01-30,Partially cloudy,1
2006-01-31,Partially cloudy,1
2006-02-01,Clear,1
2006-02-02,Clear,1
2006-02-03,"Rain, Partially cloudy",1
2006-02-04,Partially cloudy,1
2006-02-05,Clear,1
2006-02-06,Rain,1
2006-02-07,Clear,1
2006-02-08,Clear,1
2006-02-09,Clear,1
2006-02-10,Partially cloudy,1
2006-02-11,Partially cloudy,1
2006-02-12,Clear,1
2006-02-13,Clear,1
2006-02-14,Partially cloudy,1
2006-02-15,Partially cloudy,1
2006-02-16,Partially cloudy,1
2006-02-17,"Rain, Partially cloudy",1
2006-02-18,"Rain, Partially cloudy",1
2006-02-19,"Rain, Partially cloudy",1
2006-02-20,Clear,1
2006-02-21,Clear,1
2006-02-22,Clear,1
2006-02-23,Clear,1
2006-02-24,Partially cloudy,1
2006-02-25,Partially cloudy,1
2006-02-26,Partially cloudy,1
2006-02-27,"Rain, Overcast",1
2006-02-28,"Rain, Partially cloudy",1
2006-03-01,Clear,1
2006-03-02,Clear,1
2006-03-03,"Rain, Partially cloudy",1
2006-03-04,Clear,1
2006-03-05,Clear,1
2006-03-06,"Rain, Partially cloudy",1
2006-03-07,"Rain, Partially cloudy",1
2006-03-08,Clear,1
2006-03-09,Partially cloudy,1
2006-03-10,"Rain, Partially cloudy",1
2006-03-11,"Rain, Partially cloudy",1
2006-03-12,"Rain, Partially cloudy",1
2006-03-13,Rain,1
2006-03-14,Clear,1
2006-03-15,Clear,1
2006-03-16,Clear,1
2006-03-17,"Rain, Partially cloudy",1
2006-03-18,"Rain, Partially cloudy",1
2006-03-19,Partially cloudy,1
2006-03-20,"Rain, Partially cloudy",1
2006-03-21,Clear,1
2006-03-22,Rain,1
2006-03-23,Clear,1
2006-03-24,Clear,1
2006-03-25,"Rain, Partially cloudy",1
2006-03-26,Partially cloudy,1
2006-03-27,"Rain, Partially cloudy",1
2006-03-28,"Rain, Overcast",1
2006-03-29,"Rain, Partially cloudy",1
2006-03-30,Partially cloudy,1
2006-03-31,"Rain, Partially cloudy",1
2007-01-01,Clear,1
2007-01-02,Clear,1
2007-01-03,Clear,1
2007-01-04,"Rain, Partially cloudy",1
2007-01-05,Clear,1
2007-01-06,Clear,1
2007-01-07,Clear,1
2007-01-08,Clear,1
2007-01-09,Clear,1
2007-01-10,Partially cloudy,1
2007-01-11,Overcast,1
2007-01-12,Partially cloudy,1
2007-01-13,Clear,1
2007-01-14,Clear,1
2007-01-15,Clear,1
2007-01-16,Clear,1
2007-01-17,"Rain, Partially cloudy",1
2007-01-18,Clear,1
2007-01-19,Clear,1
2007-01-20,Partially cloudy,1
2007-01-21,Clear,1
2007-01-22,Clear,1
2007-01-23,Clear,1
2007-01-24,Clear,1
2007-01-25,Clear,1
2007-01-26,Partially cloudy,1
2007-01-27,"Rain, Overcast",1
2007-01-28,"Rain, Partially cloudy",1
2007-01-29,Partially cloudy,1
2007-01-30,"Rain, Partially cloudy",1
2007-01-31,"Rain, Partially cloudy",1
2007-02-01,Partially cloudy,1
2007-02-02,Clear,1
2007-02-03,Clear,1
2007-02-04,Clear,1
2007-02-05,Clear,1
2007-02-06,Clear,1
2007-02-07,"Rain, Partially cloudy",1
2007-02-08,Partially cloudy,1
2007-02-09,Clear,1
2007-02-10,"Rain, Partially cloudy",1
2007-02-11,"Rain, Partially cloudy",1
2007-02-12,"Rain, Partially cloudy",1
2007-02-13,"Rain, Partially cloudy",1
2007-02-14,Clear,1
2007-02-15,Clear,1
2007-02-16,Clear,1
2007-02-17,Clear,1
2007-02-18,"Rain, Partially cloudy",1
2007-02-19,"Rain, Partially cloudy",1
2007-02-20,Partially cloudy,1
2007-02-21,Rain,1
2007-02-22,"Rain, Partially cloudy",1
2007-02-23,Partially cloudy,1
2007-02-24,Clear,1
2007-02-25,Partially cloudy,1
2007-02-26,Partially cloudy,1
2007-02-27,"Rain, Partially cloudy",1
2007-02-28,"Rain, Partially cloudy",1
2007-03-01,Clear,1
2007-03-02,Clear,1
2007-03-03,Clear,1
2007-03-04,Clear,1
2007-03-05,Clear,1
2007-03-06,Clear,1
2007-03-07,Clear,1
2007-03-08,Clear,1
2007-03-09,Partially cloudy,1
2007-03-10,Partially cloudy,1
2007-03-11,Clear,1
2007-03-12,Clear,1
2007-03-13,Clear,1
2007-03-14,Partially cloudy,1
2007-03-15,Partially cloudy,1
2007-03-16,Partially cloudy,1
2007-03-17,Partially cloudy,1
2007-03-18,Overcast,1
2007-03-19,Partially cloudy,1
2007-03-20,"Rain, Overcast",1
2007-03-21,"Rain, Partially cloudy",1
2007-03-22,Clear,1
2007-03-23,Clear,1
2007-03-24,Partially cloudy,1
2007-03-25,Partially cloudy,1
2007-03-26,Overcast,1
2007-03-27,"Rain, Partially cloudy",1
2007-03-28,Clear,1
2007-03-29,Clear,1
2007-03-30,Clear,1
2007-03-31,Clear,1
2008-01-01,Clear,1
2008-01-02,Clear,1
2008-01-03,Clear,1
2008-01-04,"Rain, Overcast",1
2008-01-05,"Rain, Overcast",1
2008-01-06,"Rain, Overcast",1
2008-01-07,"Rain, Partially cloudy",1
2008-01-08,Clear,1
2008-01-09,Partially cloudy,1
2008-01-10,Clear,1
2008-01-11,Clear,1
2008-01-12,Rain,1
2008-01-13,Clear,1
2008-01-14,Clear,1
2008-01-15,Clear,1
2008-01-16,"Rain, Partially cloudy",1
2008-01-17,Clear,1
2008-01-18,Clear,1
2008-01-19,Clear,1
2008-01-20,Partially cloudy,1
2008-01-21,"Rain, Partially cloudy",1
2008-01-22,"Rain, Overcast",1
2008-01-23,"Rain, Overcast",1
2008-01-24,"Rain, Partially cloudy",1
2008-01-25,"Rain, Partially cloudy",1
2008-01-26,"Rain, Partially cloudy",1
2008-01-27,"Rain, Overcast",1
2008-01-28,"Rain, Partially cloudy",1
2008-01-29,Partially cloudy,1
2008-01-30,Clear,1
2008-01-31,Clear,1
2008-02-01,Partially cloudy,1
2008-02-02,Partially cloudy,1
2008-02-03,"Rain, Partially cloudy",1
2008-02-04,Clear,1
2008-02-05,Clear,1
2008-02-06,Clear,1
2008-02-07,Clear,1
2008-02-08,Clear,1
2008-02-09,Clear,1
2008-02-10,Clear,1
2008-02-11,Clear,1
2008-02-12,Clear,1
2008-02-13,Partially cloudy,1
2008-02-14,"Rain, Partially cloudy",1
2008-02-15,Clear,1
2008-02-16,Clear,1
2008-02-17,Partially cloudy,1
2008-02-18,Partially cloudy,1
2008-02-19,Overcast,1
2008-02-20,"Rain, Partially cloudy",1
2008-02-21,"Rain, Partially cloudy",1
2008-02-22,"Rain, Partially cloudy",1
2008-02-23,"Rain, Partially cloudy",1
2008-02-24,"Rain, Partially cloudy",1
2008-02-25,Clear,1
2008-02-26,Rain,1
2008-02-27,Clear,1
2008-02-28,Partially cloudy,1
2008-02-29,Partially cloudy,1
2008-03-01,Partially cloudy,1
2008-03-02,Clear,1
2008-03-03,Clear,1
2008-03-04,Clear,1
2008-03-05,Partially cloudy,1
2008-03-06,Clear,1
2008-03-07,Clear,1
2008-03-08,Clear,1
2008-03-09,Clear,1
2008-03-10,Clear,1
2008-03-11,Clear,1
2008-03-12,Clear,1
2008-03-13,Clear,1
2008-03-14,Partially cloudy,1
2008-03-15,"Rain, Partially cloudy",1
2008-03-16,Partially cloudy,1
2008-03-17,Clear,1
2008-03-18,Clear,1
2008-03-19,Partially cloudy,1
2008-03-20,"Rain, Partially cloudy",1
2008-03-21,Rain,1
2008-03-22,Clear,1
2008-03-23,Clear,1
2008-03-24,Clear,1
2008-03-25,Partially cloudy,1
2008-03-26,Partially cloudy,1
2008-03-27,Clear,1
2008-03-28,Clear,1
2008-03-29,Partially cloudy,1
2008-03-30,"Rain, Partially cloudy",1
2008-03-31,Clear,1
2009-01-01,Partially cloudy,1
2009-01-02,Partially cloudy,1
2009-01-03,"Rain, Partially cloudy",1
2009-01-04,Clear,1
2009-01-05,Clear,1
2009-01-06,Clear,1
2009-01-07,Clear,1
2009-01-08,"Rain, Partially cloudy",1
2009-01-09,Partially cloudy,1
2009-01-10,Clear,1
2009-01-11,Clear,1
2009-01-12,Clear,1
2009-01-13,Clear,1
2009-01-14,Clear,1
2009-01-15,Clear,1
2009-01-16,Clear,1
2009-01-17,Clear,1
2009-01-18,Clear,1
2009-01-19,Clear,1
2009-01-20,Clear,1
2009-01-21,Partially cloudy,1
2009-01-22,"Rain, Overcast",1
2009-01-23,"Rain, Overcast",1
2009-01-24,"Rain, Partially cloudy",1
2009-01-25,"Rain, Partially cloudy",1
2009-01-26,Clear,1
2009-01-27,Clear,1
2009-01-28,Clear,1
2009-01-29,Clear,1
2009-01-30,Clear,1
2009-01-31,Clear,1
2009-02-01,Clear,1
2009-02-02,Clear,1
2009-02-03,Clear,1
2009-02-04,Clear,1
2009-02-05,"Rain, Partially cloudy",1
2009-02-06,"Rain, Overcast",1
2009-02-07,"Rain, Partially cloudy",1
2009-02-08,"Rain, Partially cloudy",1
2009-02-09,"Rain, Partially cloudy",1
2009-02-10,Clear,1
2009-02-11,Partially cloudy,1
2009-02-12,Clear,1
2009-02-13,"Rain, Partially cloudy",1
2009-02-14,Clear,1
2009-02-15,Clear,1
2009-02-16,"Rain, Partially cloudy",1
2009-02-17,"Rain, Overcast",1
2009-02-18,Rain,1
2009-02-19,Clear,1
2009-02-20,Clear,1
2009-02-21,Partially cloudy,1
2009-02-22,Partially cloudy,1
2009-02-23,"Rain, Partially cloudy",1
2009-02-24,Rain,1
2009-02-25,Partially cloudy,1
2009-02-26,Partially cloudy,1
2009-02-27,"Rain, Partially cloudy",1
2009-02-28,Rain,1
2009-03-01,Clear,1
2009-03-02,"Rain, Partially cloudy",1
2009-03-03,Clear,1
2009-03-04,"Rain, Partially cloudy",1
2009-03-05,Rain,1
2009-03-06,Clear,1
2009-03-07,Partially cloudy,1
2009-03-08,Clear,1
2009-03-09,Partially cloudy,1
2009-03-10,Partially cloudy,1
2009-03-11,Partially cloudy,1
2009-03-12,Partially cloudy,1
2009-03-13,Partially cloudy,1
2009-03-14,Partially cloudy,1
2009-03-15,Partially cloudy,1
2009-03-16,Clear,1
2009-03-17,Clear,1
2009-03-18,Clear,1
2009-03-19,"Rain, Partially cloudy",1
2009-03-20,Partially cloudy,1
2009-03-21,Overcast,1
2009-03-22,"Rain, Partially cloudy",1
2009-03-23,Clear,1
2009-03-24,Clear,1
2009-03-25,Clear,1
2009-03-26,Partially cloudy,1
2009-03-27,Clear,1
2009-03-28,Clear,1
2009-03-29,Partially cloudy,1
2009-03-30,Partially cloudy,1
2009-03-31,Clear,1
2010-01-01,Clear,1
2010-01-02,Clear,1
2010-01-03,Clear,1
2010-01-04,Clear,1
2010-01-05,Clear,1
2010-01-06,Clear,1
2010-01-07,Partially cloudy,1
2010-01-08,Clear,1
2010-01-09,Clear,1
2010-01-10,Clear,1
2010-01-11,Clear,1
2010-01-12,Partially cloudy,1
2010-01-13,"Rain, Partially cloudy",1
2010-01-14,Clear,1
2010-01-15,Clear,1
2010-01-16,Clear,1
2010-01-17,"Rain, Partially cloudy",1
2010-01-18,"Rain, Partially cloudy",1
2010-01-19,"Rain, Partially cloudy",1
2010-01-20,"Rain, Partially cloudy",1
2010-01-21,"Rain, Partially cloudy",1
2010-01-22,"Rain, Partially cloudy",1
2010-01-23,Rain,1
2010-01-24,Rain,1
2010-01-25,Clear,1
2010-01-26,"Rain, Partially cloudy",1
2010-01-27,"Rain, Partially cloudy",1
2010-01-28,Clear,1
2010-01-29,Clear,1
2010-01-30,Partially cloudy,1
2010-01-31,Clear,1
2010-02-01,Clear,1
2010-02-02,Partially cloudy,1
2010-02-03,Clear,1
2010-02-04,Partially cloudy,1
2010-02-05,"Rain, Overcast",1
2010-02-06,"Rain, Partially cloudy",1
2010-02-07,Clear,1
2010-02-08,Partially cloudy,1
2010-02-09,"Rain, Partially cloudy",1
2010-02-10,Rain,1
2010-02-11,Partially cloudy,1
2010-02-12,Clear,1
2010-02-13,Clear,1
2010-02-14,Clear,1
2010-02-15,Clear,1
2010-02-16,Clear,1
2010-02-17,Clear,1
2010-02-18,"Rain, Partially cloudy",1
2010-02-19,"Rain, Overcast",1
2010-02-20,"Rain, Partially cloudy",1
2010-02-21,"Rain, Partially cloudy",1
2010-02-22,Rain,1
2010-02-23,Clear,1
2010-02-24,"Rain, Partially cloudy",1
2010-02-25,"Rain, Partially cloudy",1
2010-02-26,Partially cloudy,1
2010-02-27,"Rain, Partially cloudy",1
2010-02-28,Clear,1
2010-03-01,Clear,1
2010-03-02,Partially cloudy,1
2010-03-03,"Rain, Partially cloudy",1
2010-03-04,"Rain, Partially cloudy",1
2010-03-05,Clear,1
2010-03-06,"Rain, Partially cloudy",1
2010-03-07,Partially cloudy,1
2010-03-08,Partially cloudy,1
2010-03-09,Clear,1
2010-03-10,Clear,1
2010-03-11,Clear,1
2010-03-12,Clear,1
2010-03-13,Clear,1
2010-03-14,Clear,1
2010-03-15,Clear,1
2010-03-16,Clear,1
2010-03-17,Clear,1
2010-03-18,Partially cloudy,1
2010-03-19,Partially cloudy,1
2010-03-20,Clear,1
2010-03-21,Clear,1
2010-03-22,Clear,1
2010-03-23,Clear,1
2010-03-24,Partially cloudy,1
2010-03-25,Partially cloudy,1
2010-03-26,Clear,1
2010-03-27,Clear,1
2010-03-28,Clear,1
2010-03-29,Clear,1
2010-03-30,Partially cloudy,1
2010-03-31,Partially cloudy,1
2011-01-01,Clear,1
2011-01-02,"Rain, Partially cloudy",1
2011-01-03,"Rain, Partially cloudy",1
2011-01-04,Clear,1
2011-01-05,Clear,1
2011-01-06,Clear,1
2011-01-07,Partially cloudy,1
2011-01-08,Overcast,1
2011-01-09,Partially cloudy,1
2011-01-10,Clear,1
2011-01-11,Clear,1
2011-01-12,Clear,1
2011-01-13,Clear,1
2011-01-14,Clear,1
2011-01-15,Clear,1
2011-01-16,Clear,1
2011-01-17,Clear,1
2011-01-18,Clear,1
2011-01-19,Partially cloudy,1
2011-01-20,Clear,1
2011-01-21,Clear,1
2011-01-22,Clear,1
2011-01-23,Rain,1
2011-01-24,Clear,1
2011-01-25,Clear,1
2011-01-26,Clear,1
2011-01-27,Clear,1
2011-01-28,Clear,1
2011-01-29,Partially cloudy,1
2011-01-30,"Rain, Partially cloudy",1
2011-01-31,Clear,1
2011-02-01,Clear,1
2011-02-02,Clear,1
2011-02-03,Clear,1
2011-02-04,Clear,1
2011-02-05,Rain,1
2011-02-06,Clear,1
2011-02-07,Clear,1
2011-02-08,"Rain, Partially cloudy",1
2011-02-09,Rain,1
2011-02-10,Clear,1
2011-02-11,Clear,1
2011-02-12,Clear,1
2011-02-13,Clear,1
2011-02-14,Partially cloudy,1
2011-02-15,"Rain, Overcast",1
2011-02-16,"Rain, Partially cloudy",1
2011-02-17,Rain,1
2011-02-18,"Rain, Partially cloudy",1
2011-02-19,"Rain, Partially cloudy",1
2011-02-20,"Rain, Partially cloudy",1
2011-02-21,Partially cloudy,1
2011-02-22,Clear,1
2011-02-23,Partially cloudy,1
2011-02-24,Partially cloudy,1
2011-02-25,"Rain, Overcast",1
2011-02-26,"Rain, Partially cloudy",1
2011-02-27,Clear,1
2011-02-28,Clear,1
2011-03-01,Clear,1
2011-03-02,"Rain, Partially cloudy",1
2011-03-03,"Rain, Partially cloudy",1
2011-03-04,Partially cloudy,1
2011-03-05,Clear,1
2011-03-06,"Rain, Partially cloudy",1
2011-03-07,Partially cloudy,1
2011-03-08,Clear,1
2011-03-09,Clear,1
2011-03-10,Clear,1
2011-03-11,Clear,1
2011-03-12,Partially cloudy,1
2011-03-13,Clear,1
2011-03-14,Rain,1
2011-03-15,Clear,1
2011-03-16,Clear,1
2011-03-17,Clear,1
2011-03-18,Clear,1
2011-03-19,"Rain, Partially cloudy",1
2011-03-20,"Rain, Overcast",1
2011-03-21,"Rain, Partially cloudy",1
2011-03-22,"Rain, Partially cloudy",1
2011-03-23,"Rain, Partially cloudy",1
2011-03-24,"Rain, Partially cloudy",1
2011-03-25,"Rain, Partially cloudy",1
2011-03-26,Partially cloudy,1
2011-03-27,"Rain, Partially cloudy",1
2011-03-28,Clear,1
2011-03-29,Rain,1
2011-03-30,Clear,1
2011-03-31,Clear,1
2012-01-01,Rain,1
2012-01-02,"Rain, Partially cloudy",1
2012-01-03,Clear,1
2012-01-04,Clear,1
2012-01-05,Clear,1
2012-01-06,Clear,1
2012-01-07,"Rain, Partially cloudy",1
2012-01-08,Rain,1
2012-01-09,Clear,1
2012-01-10,Clear,1
2012-01-11,Clear,1
2012-01-12,Clear,1
2012-01-13,Clear,1
2012-01-14,Clear,1
2012-01-15,Partially cloudy,1
2012-01-16,"Rain, Partially cloudy",1
2012-01-17,Clear,1
2012-01-18,Clear,1
2012-01-19,Clear,1
2012-01-20,Partially cloudy,1
2012-01-21,"Rain, Partially cloudy",1
2012-01-22,Partially cloudy,1
2012-01-23,"Rain, Partially cloudy",1
2012-01-24,Clear,1
2012-01-25,Clear,1
2012-01-26,Clear,1
2012-01-27,Clear,1
2012-01-28,Clear,1
2012-01-29,Clear,1
2012-01-30,Clear,1
2012-01-31,Partially cloudy,1
2012-02-01,Clear,1
2012-02-02,Clear,1
2012-02-03,Clear,1
2012-02-04,Clear,1
2012-02-05,Clear,1
2012-02-06,Clear,1
2012-02-07,"Rain, Partially cloudy",1
2012-02-08,Clear,1
2012-02-09,Clear,1
2012-02-10,Clear,1
2012-02-11,"Rain, Partially cloudy",1
2012-02-12,Partially cloudy,1
2012-02-13,"Rain, Partially cloudy",1
2012-02-14,Clear,1
2012-02-15,"Rain, Partially cloudy",1
2012-02-16,Clear,1
2012-02-17,Clear,1
2012-02-18,Partially cloudy,1
2012-02-19,Partially cloudy,1
2012-02-20,Partially cloudy,1
2012-02-21,Clear,1
2012-02-22,Clear,1
2012-02-23,Clear,1
2012-02-24,Partially cloudy,1
2012-02-25,Partially cloudy,1
2012-02-26,Partially cloudy,1
2012-02-27,Partially cloudy,1
2012-02-28,Clear,1
2012-02-29,Partially cloudy,1
2012-03-01,Partially cloudy,1
2012-03-02,Clear,1
2012-03-03,Clear,1
2012-03-04,Clear,1
2012-03-05,Clear,1
2012-03-06,Partially cloudy,1
2012-03-07,Clear,1
2012-03-08,Clear,1
2012-03-09,Clear,1
2012-03-10,Clear,1
2012-03-11,Partially cloudy,1
2012-03-12,Partially cloudy,1
2012-03-13,Partially cloudy,1
2012-03-14,Partially cloudy,1
2012-03-15,Overcast,1
2012-03-16,Overcast,1
2012-03-17,"Rain, Overcast",1
2012-03-18,"Rain, Partially cloudy",1
2012-03-19,Clear,1
2012-03-20,Clear,1
2012-03-21,Clear,1
2012-03-22,Partially cloudy,1
2012-03-23,Partially cloudy,1
2012-03-24,Partially cloudy,1
2012-03-25,"Rain, Overcast",1
2012-03-26,"Rain, Partially cloudy",1
2012-03-27,Clear,1
2012-03-28,Partially cloudy,1
2012-03-29,Partially cloudy,1
2012-03-30,Partially cloudy,1
2012-03-31,"Rain, Overcast",1
2013-01-01,Partially cloudy,1
2013-01-02,Clear,1
2013-01-03,Clear,1
2013-01-04,Clear,1
2013-01-05,Clear,1
2013-01-06,"Rain, Partially cloudy",1
2013-01-07,Clear,1
2013-01-08,Clear,1
2013-01-09,"Rain, Partially cloudy",1
2013-01-10,"Rain, Partially cloudy",1
2013-01-11,Clear,1
2013-01-12,Clear,1
2013-01-13,Clear,1
2013-01-14,Clear,1
2013-01-15,Clear,1
2013-01-16,Clear,1
2013-01-17,Clear,1
2013-01-18,Clear,1
2013-01-19,Clear,1
2013-01-20,Clear,1
2013-01-21,Clear,1
2013-01-22,Clear,1
2013-01-23,"Rain, Partially cloudy",1
2013-01-24,"Rain, Overcast",1
2013-01-25,"Rain, Overcast",1
2013-01-26,"Rain, Partially cloudy",1
2013-01-27,"Rain, Partially cloudy",1
2013-01-28,Clear,1
2013-01-29,Clear,1
2013-01-30,Clear,1
2013-01-31,Clear,1
2013-02-01,Clear,1
2013-02-02,Partially cloudy,1
2013-02-03,Clear,1
2013-02-04,Partially cloudy,1
2013-02-05,Overcast,1
2013-02-06,Partially cloudy,1
2013-02-07,"Rain, Partially cloudy",1
2013-02-08,"Rain, Partially cloudy",1
2013-02-09,Clear,1
2013-02-10,Partially cloudy,1
2013-02-11,Clear,1
2013-02-12,Clear,1
2013-02-13,Clear,1
2013-02-14,Rain,1
2013-02-15,Rain,1
2013-02-16,Clear,1
2013-02-17,Partially cloudy,1
2013-02-18,Partially cloudy,1
2013-02-19,"Rain, Overcast",1
2013-02-20,Clear,1
2013-02-21,Partially cloudy,1
2013-02-22,Clear,1
2013-02-23,Clear,1
2013-02-24,Clear,1
2013-02-25,Clear,1
2013-02-26,Clear,1
2013-02-27,Clear,1
2013-02-28,Clear,1
2013-03-01,Clear,1
2013-03-02,Clear,1
2013-03-03,Partially cloudy,1
2013-03-04,Partially cloudy,1
2013-03-05,Overcast,1
2013-03-06,Partially cloudy,1
2013-03-07,"Rain, Partially cloudy",1
2013-03-08,"Rain, Partially cloudy",1
2013-03-09,Clear,1
2013-03-10,Rain,1
2013-03-11,Clear,1
2013-03-12,Clear,1
2013-03-13,Clear,1
2013-03-14,"Rain, Partially cloudy",1
2013-03-15,Partially cloudy,1
2013-03-16,Partially cloudy,1
2013-03-17,Partially cloudy,1
2013-03-18,Partially cloudy,1
2013-03-19,Partially cloudy,1
2013-03-20,Clear,1
2013-03-21,Clear,1
2013-03-22,"Rain, Partially cloudy",1
2013-03-23,"Rain, Partially cloudy",1
2013-03-24,Partially cloudy,1
2013-03-25,Rain,1
2013-03-26,"Rain, Partially cloudy",1
2013-03-27,Partially cloudy,1
2013-03-28,Partially cloudy,1
2013-03-29,Partially cloudy,1
2013-03-30,Partially cloudy,1
2013-03-31,"Rain, Overcast",1
2014-01-01,Clear,1
2014-01-02,Clear,1
2014-01-03,Clear,1
2014-01-04,Clear,1
2014-01-05,Clear,1
2014-01-06,Clear,1
2014-01-07,Clear,1
2014-01-08,Clear,1
2014-01-09,Partially cloudy,1
2014-01-10,Clear,1
2014-01-11,Rain,1
2014-01-12,Clear,1
2014-01-13,Clear,1
2014-01-14,Clear,1
2014-01-15,Clear,1
2014-01-16,Clear,1
2014-01-17,Clear,1
2014-01-18,Clear,1
2014-01-19,Clear,1
2014-01-20,Clear,1
2014-01-21,Clear,1
2014-01-22,Partially cloudy,1
2014-01-23,Partially cloudy,1
2014-01-24,Clear,1
2014-01-25,Partially cloudy,1
2014-01-26,Partially cloudy,1
2014-01-27,Clear,1
2014-01-28,Clear,1
2014-01-29,Partially cloudy,1
2014-01-30,Overcast,1
2014-01-31,Partially cloudy,1
2014-02-01,Clear,1
2014-02-02,"Rain, Partially cloudy",1
2014-02-03,Clear,1
2014-02-04,Clear,1
2014-02-05,Partially cloudy,1
2014-02-06,"Rain, Partially cloudy",1
2014-02-07,Partially cloudy,1
2014-02-08,Partially cloudy,1
2014-02-09,Partially cloudy,1
2014-02-10,Partially cloudy,1
2014-02-11,Partially cloudy,1
2014-02-12,Clear,1
2014-02-13,Clear,1
2014-02-14,Clear,1
2014-02-15,Clear,1
2014-02-16,Clear,1
2014-02-17,Partially cloudy,1
2014-02-18,Partially cloudy,1
2014-02-19,Partially cloudy,1
2014-02-20,Clear,1
2014-02-21,Clear,1
2014-02-22,Clear,1
2014-02-23,Partially cloudy,1
2014-02-24,Partially cloudy,1
2014-02-25,Partially cloudy,1
2014-02-26,"Rain, Overcast",1
2014-02-27,"Rain, Partially cloudy",1
2014-02-28,"Rain, Overcast",1
2014-03-01,"Rain, Overcast",1
2014-03-02,"Rain, Partially cloudy",1
2014-03-03,Clear,1
2014-03-04,Partially cloudy,1
2014-03-05,"Rain, Partially cloudy",1
2014-03-06,Partially cloudy,1
2014-03-07,Clear,1
2014-03-08,Clear,1
2014-03-09,Clear,1
2014-03-10,Clear,1
2014-03-11,Clear,1
2014-03-12,Partially cloudy,1
2014-03-13,Partially cloudy,1
2014-03-14,Partially cloudy,1
2014-03-15,Rain,1
2014-03-16,Clear,1
2014-03-17,Clear,1
2014-03-18,Partially cloudy,1
2014-03-19,Clear,1
2014-03-20,Partially cloudy,1
2014-03-21,Partially cloudy,1
2014-03-22,Partially cloudy,1
2014-03-23,Partially cloudy,1
2014-03-24,Overcast,1
2014-03-25,Partially cloudy,1
2014-03-26,"Rain, Partially cloudy",1
2014-03-27,Clear,1
2014-03-28,Partially cloudy,1
2014-03-29,Clear,1
2014-03-30,Clear,1
2014-03-31,"Rain, Partially cloudy",1
2015-01-01,Clear,1
2015-01-02,Clear,1
2015-01-03,Clear,1
2015-01-04,Clear,1
2015-01-05,Clear,1
2015-01-06,Clear,1
2015-01-07,Clear,1
2015-01-08,Clear,1
2015-01-09,Clear,1
2015-01-10,"Rain, Partially cloudy",1
2015-01-11,"Rain, Partially cloudy",1
2015-01-12,Partially cloudy,1
2015-01-13,Partially cloudy,1
2015-01-14,Clear,1
2015-01-15,Clear,1
2015-01-16,Clear,1
2015-01-17,Clear,1
2015-01-18,Clear,1
2015-01-19,Clear,1
2015-01-20,Overcast,1
2015-01-21,Partially cloudy,1
2015-01-22,Clear,1
2015-01-23,Clear,1
2015-01-24,Clear,1
2015-01-25,Clear,1
2015-01-26,"Rain, Partially cloudy",1
2015-01-27,"Rain, Partially cloudy",1
2015-01-28,Clear,1
2015-01-29,Partially cloudy,1
2015-01-30,"Rain, Partially cloudy",1
2015-01-31,"Rain, Partially cloudy",1
2015-02-01,Clear,1
2015-02-02,Clear,1
2015-02-03,Partially cloudy,1
2015-02-04,Partially cloudy,1
2015-02-05,Partially cloudy,1
2015-02-06,Partially cloudy,1
2015-02-07,"Rain, Partially cloudy",1
2015-02-08,"Rain, Partially cloudy",1
2015-02-09,Partially cloudy,1
2015-02-10,Clear,1
2015-02-11,Clear,1
2015-02-12,Clear,1
2015-02-13,Clear,1
2015-02-14,Clear,1
2015-02-15,Clear,1
2015-02-16,Partially cloudy,1
2015-02-17,Partially cloudy,1
2015-02-18,Partially cloudy,1
2015-02-19,Partially cloudy,1
2015-02-20,Partially cloudy,1
2015-02-21,Partially cloudy,1
2015-02-22,"Rain, Overcast",1
2015-02-23,"Rain, Partially cloudy",1
2015-02-24,Clear,1
2015-02-25,Clear,1
2015-02-26,Clear,1
2015-02-27,Partially cloudy,1
2015-02-28,"Rain, Partially cloudy",1
2015-03-01,"Rain, Partially cloudy",1
2015-03-02,"Rain, Partially cloudy",1
2015-03-03,Rain,1
2015-03-04,Clear,1
2015-03-05,Clear,1
2015-03-06,Clear,1
2015-03-07,Clear,1
2015-03-08,Clear,1
2015-03-09,Partially cloudy,1
2015-03-10,Partially cloudy,1
2015-03-11,Partially cloudy,1
2015-03-12,Clear,1
2015-03-13,Clear,1
2015-03-14,Clear,1
2015-03-15,Clear,1
2015-03-16,Clear,1
2015-03-17,Clear,1
2015-03-18,Partially cloudy,1
2015-03-19,Partially cloudy,1
2015-03-20,Partially cloudy,1
2015-03-21,Partially cloudy,1
2015-03-22,Partially cloudy,1
2015-03-23,Clear,1
2015-03-24,Clear,1
2015-03-25,Clear,1
2015-03-26,Clear,1
2015-03-27,Clear,1
2015-03-28,Clear,1
2015-03-29,Partially cloudy,1
2015-03-30,Partially cloudy,1
2015-03-31,Partially cloudy,1
2016-01-01,Clear,1
2016-01-02,Clear,1
2016-01-03,Partially cloudy,1
2016-01-04,"Rain, Partially cloudy",1
2016-01-05,"Rain, Partially cloudy",1
2016-01-06,"Rain, Partially cloudy",1
2016-01-07,"Rain, Partially cloudy",1
2016-01-08,Clear,1
2016-01-09,Partially cloudy,1
2016-01-10,"Rain, Partially cloudy",1
2016-01-11,Clear,1
2016-01-12,Clear,1
2016-01-13,Partially cloudy,1
2016-01-14,"Rain, Partially cloudy",1
2016-01-15,Partially cloudy,1
2016-01-16,Partially cloudy,1
2016-01-17,Partially cloudy,1
2016-01-18,Partially cloudy,1
2016-01-19,"Rain, Partially cloudy",1
2016-01-20,"Rain, Partially cloudy",1
2016-01-21,Clear,1
2016-01-22,Clear,1
2016-01-23,Partially cloudy,1
2016-01-24,Clear,1
2016-01-25,Clear,1
2016-01-26,Clear,1
2016-01-27,Clear,1
2016-01-28,Clear,1
2016-01-29,Clear,1
2016-01-30,Partially cloudy,1
2016-01-31,"Rain, Partially cloudy",1
2016-02-01,Clear,1
2016-02-02,Clear,1
2016-02-03,Clear,1
2016-02-04,Clear,1
2016-02-05,Clear,1
2016-02-06,Clear,1
2016-02-07,Clear,1
2016-02-08,Clear,1
2016-02-09,Clear,1
2016-02-10,Clear,1
2016-02-11,Clear,1
2016-02-12,Rain,1
2016-02-13,Partially cloudy,1
2016-02-14,Clear,1
2016-02-15,Clear,1
2016-02-16,Clear,1
2016-02-17,"Rain, Partially cloudy",1
2016-02-18,"Rain, Partially cloudy",1
2016-02-19,Clear,1
2016-02-20,Clear,1
2016-02-21,Clear,1
2016-02-22,Clear,1
2016-02-23,Clear,1
2016-02-24,Clear,1
2016-02-25,Clear,1
2016-02-26,Clear,1
2016-02-27,Clear,1
2016-02-28,Partially cloudy,1
2016-02-29,Partially cloudy,1
2016-03-01,Partially cloudy,1
2016-03-02,Partially cloudy,1
2016-03-03,Partially cloudy,1
2016-03-04,Partially cloudy,1
2016-03-05,"Rain, Overcast",1
2016-03-06,"Rain, Partially cloudy",1
2016-03-07,"Rain, Partially cloudy",1
2016-03-08,Clear,1
2016-03-09,Clear,1
2016-03-10,Clear,1
2016-03-11,"Rain, Partially cloudy",1
2016-03-12,Clear,1
2016-03-13,"Rain, Partially cloudy",1
2016-03-14,"Rain, Partially cloudy",1
2016-03-15,Clear,1
2016-03-16,Clear,1
2016-03-17,Clear,1
2016-03-18,Partially cloudy,1
2016-03-19,Partially cloudy,1
2016-03-20,Partially cloudy,1
2016-03-21,Partially cloudy,1
2016-03-22,Clear,1
2016-03-23,Clear,1
2016-03-24,Clear,1
2016-03-25,Clear,1
2016-03-26,Clear,1
2016-03-27,Partially cloudy,1
2016-03-28,"Rain, Partially cloudy",1
2016-03-29,"Rain, Partially cloudy",1
2016-03-30,Partially cloudy,1
2016-03-31,Clear,1
2017-01-01,Partially cloudy,1
2017-01-02,Partially cloudy,1
2017-01-03,Partially cloudy,1
2017-01-04,"Rain, Overcast",1
2017-01-05,"Rain, Partially cloudy",1
2017-01-06,Clear,1
2017-01-07,"Rain, Partially cloudy",1
2017-01-08,Clear,1
2017-01-09,"Rain, Partially cloudy",1
2017-01-10,"Rain, Partially cloudy",1
2017-01-11,"Rain, Partially cloudy",1
2017-01-12,"Rain, Partially cloudy",1
2017-01-13,Partially cloudy,1
2017-01-14,Clear,1
2017-01-15,Partially cloudy,1
2017-01-16,Partially cloudy,1
2017-01-17,Clear,1
2017-01-18,"Rain, Partially cloudy",1
2017-01-19,"Rain, Partially cloudy",1
2017-01-20,"Rain, Partially cloudy",1
2017-01-21,Partially cloudy,1
2017-01-22,"Rain, Partially cloudy",1
2017-01-23,"Rain, Partially cloudy",1
2017-01-24,Clear,1
2017-01-25,Clear,1
2017-01-26,Clear,1
2017-01-27,Clear,1
2017-01-28,Clear,1
2017-01-29,Clear,1
2017-01-30,Clear,1
2017-01-31,Clear,1
2017-02-01,Partially cloudy,1
2017-02-02,Partially cloudy,1
2017-02-03,"Rain, Overcast",1
2017-02-04,Partially cloudy,1
2017-02-05,"Rain, Partially cloudy",1
2017-02-06,"Rain, Partially cloudy",1
2017-02-07,"Rain, Overcast",1
2017-02-08,"Rain, Partially cloudy",1
2017-02-09,Partially cloudy,1
2017-02-10,"Rain, Partially cloudy",1
2017-02-11,"Rain, Partially cloudy",1
2017-02-12,Clear,1
2017-02-13,Clear,1
2017-02-14,Partially cloudy,1
2017-02-15,Partially cloudy,1
2017-02-16,Partially cloudy,1
2017-02-17,"Rain, Partially cloudy",1
2017-02-18,"Rain, Partially cloudy",1
2017-02-19,"Rain, Partially cloudy",1
2017-02-20,"Rain, Partially cloudy",1
2017-02-21,"Rain, Partially cloudy",1
2017-02-22,Partially cloudy,1
2017-02-23,Clear,1
2017-02-24,Clear,1
2017-02-25,Clear,1
2017-02-26,"Rain, Partially cloudy",1
2017-02-27,Partially cloudy,1
2017-02-28,Clear,1
2017-03-01,Clear,1
2017-03-02,Clear,1
2017-03-03,Clear,1
2017-03-04,Clear,1
2017-03-05,"Rain, Partially cloudy",1
2017-03-06,Clear,1
2017-03-07,Clear,1
2017-03-08,Clear,1
2017-03-09,Clear,1
2017-03-10,Clear,1
2017-03-11,Clear,1
2017-03-12,Partially cloudy,1
2017-03-13,Partially cloudy,1
2017-03-14,Clear,1
2017-03-15,Clear,1
2017-03-16,Clear,1
2017-03-17,Partially cloudy,1
2017-03-18,Partially cloudy,1
2017-03-19,Partially cloudy,1
2017-03-20,Partially cloudy,1
2017-03-21,"Rain, Partially cloudy",1
2017-03-22,"Rain, Partially cloudy",1
2017-03-23,Clear,1
2017-03-24,Partially cloudy,1
2017-03-25,Partially cloudy,1
2017-03-26,Partially cloudy,1
2017-03-27,Clear,1
2017-03-28,Clear,1
2017-03-29,Clear,1
2017-03-30,Clear,1
2017-03-31,Clear,1
2018-01-01,Clear,1
2018-01-02,Clear,1
2018-01-03,Clear,1
2018-01-04,Partially cloudy,1
2018-01-05,Partially cloudy,1
2018-01-06,Partially cloudy,1
2018-01-07,Partially cloudy,1
2018-01-08,"Rain, Overcast",1
2018-01-09,"Rain, Partially cloudy",1
2018-01-10,Clear,1
2018-01-11,Clear,1
2018-01-12,Clear,1
2018-01-13,Clear,1
2018-01-14,Clear,1
2018-01-15,Clear,1
2018-01-16,Clear,1
2018-01-17,Clear,1
2018-01-18,Clear,1
2018-01-19,Partially cloudy,1
2018-01-20,Clear,1
2018-01-21,Clear,1
2018-01-22,Clear,1
2018-01-23,Clear,1
2018-01-24,Clear,1
2018-01-25,Partially cloudy,1
2018-01-26,Clear,1
2018-01-27,Clear,1
2018-01-28,Clear,1
2018-01-29,Clear,1
2018-01-30,Clear,1
2018-01-31,Clear,1
2018-02-01,Clear,1
2018-02-02,Clear,1
2018-02-03,Clear,1
2018-02-04,Clear,1
2018-02-05,Partially cloudy,1
2018-02-06,Partially cloudy,1
2018-02-07,Clear,1
2018-02-08,Clear,1
2018-02-09,Clear,1
2018-02-10,Partially cloudy,1
2018-02-11,Clear,1
2018-02-12,"Rain, Partially cloudy",1
2018-02-13,Partially cloudy,1
2018-02-14,Partially cloudy,1
2018-02-15,Clear,1
2018-02-16,Clear,1
2018-02-17,Clear,1
2018-02-18,Partially cloudy,1
2018-02-19,Partially cloudy,1
2018-02-20,Clear,1
2018-02-21,Partially cloudy,1
2018-02-22,Clear,1
2018-02-23,Clear,1
2018-02-24,Clear,1
2018-02-25,Clear,1
2018-02-26,"Rain, Partially cloudy",1
2018-02-27,Partially cloudy,1
2018-02-28,Clear,1
2018-03-01,Partially cloudy,1
2018-03-02,"Rain, Overcast",1
2018-03-03,"Rain, Partially cloudy",1
2018-03-04,Clear,1
2018-03-05,Clear,1
2018-03-06,Clear,1
2018-03-07,Partially cloudy,1
2018-03-08,Clear,1
2018-03-09,Partially cloudy,1
2018-03-10,"Rain, Overcast",1
2018-03-11,"Rain, Partially cloudy",1
2018-03-12,Partially cloudy,1
2018-03-13,"Rain, Overcast",1
2018-03-14,"Rain, Partially cloudy",1
2018-03-15,"Rain, Partially cloudy",1
2018-03-16,"Rain, Partially cloudy",1
2018-03-17,Partially cloudy,1
2018-03-18,Clear,1
2018-03-19,Clear,1
2018-03-20,"Rain, Partially cloudy",1
2018-03-21,"Rain, Partially cloudy",1
2018-03-22,"Rain, Overcast",1
2018-03-23,"Rain, Partially cloudy",1
2018-03-24,Partially cloudy,1
2018-03-25,Clear,1
2018-03-26,Clear,1
2018-03-27,Clear,1
2018-03-28,Clear,1
2018-03-29,Partially cloudy,1
2018-03-30,Partially cloudy,1
2018-03-31,Partially cloudy,1
2019-01-01,Clear,1
2019-01-02,Clear,1
2019-01-03,Clear,1
2019-01-04,Clear,1
2019-01-05,"Rain, Partially cloudy",1
2019-01-06,"Rain, Partially cloudy",1
2019-01-07,"Rain, Partially cloudy",1
2019-01-08,Clear,1
2019-01-09,Clear,1
2019-01-10,Partially cloudy,1
2019-01-11,Partially cloudy,1
2019-01-12,"Rain, Partially cloudy",1
2019-01-13,Clear,1
2019-01-14,"Rain, Partially cloudy",1
2019-01-15,"Rain, Partially cloudy",1
2019-01-16,"Rain, Partially cloudy",1
2019-01-17,"Rain, Partially cloudy",1
2019-01-18,Partially cloudy,1
2019-01-19,Clear,1
2019-01-20,Clear,1
2019-01-21,Clear,1
2019-01-22,Clear,1
2019-01-23,Clear,1
2019-01-24,Clear,1
2019-01-25,Clear,1
2019-01-26,Clear,1
2019-01-27,Clear,1
2019-01-28,Clear,1
2019-01-29,Clear,1
2019-01-30,Partially cloudy,1
2019-01-31,"Rain, Partially cloudy",1
2019-02-01,"Rain, Partially cloudy",1
2019-02-02,"Rain, Partially cloudy",1
2019-02-03,"Rain, Partially cloudy",1
2019-02-04,"Rain, Partially cloudy",1
2019-02-05,"Rain, Partially cloudy",1
2019-02-06,Clear,1
2019-02-07,Clear,1
2019-02-08,Clear,1
2019-02-09,"Rain, Partially cloudy",1
2019-02-10,"Rain, Partially cloudy",1
2019-02-11,Clear,1
2019-02-12,Clear,1
2019-02-13,"Rain, Partially cloudy",1
2019-02-14,"Rain, Partially cloudy",1
2019-02-15,"Rain, Partially cloudy",1
2019-02-16,Clear,1
2019-02-17,"Rain, Partially cloudy",1
2019-02-18,Clear,1
2019-02-19,Clear,1
2019-02-20,"Rain, Partially cloudy",1
2019-02-21,Partially cloudy,1
2019-02-22,Clear,1
2019-02-23,Clear,1
2019-02-24,Clear,1
2019-02-25,Clear,1
2019-02-26,Clear,1
2019-02-27,"Rain, Partially cloudy",1
2019-02-28,"Rain, Partially cloudy",1
2019-03-01,Partially cloudy,1
2019-03-02,"Rain, Overcast",1
2019-03-03,"Rain, Partially cloudy",1
2019-03-04,Partially cloudy,1
2019-03-05,"Rain, Partially cloudy",1
2019-03-06,"Rain, Partially cloudy",1
2019-03-07,"Rain, Partially cloudy",1
2019-03-08,Partially cloudy,1
2019-03-09,Partially cloudy,1
2019-03-10,"Rain, Partially cloudy",1
2019-03-11,Partially cloudy,1
2019-03-12,Partially cloudy,1
2019-03-13,Clear,1
2019-03-14,Clear,1
2019-03-15,Clear,1
2019-03-16,Clear,1
2019-03-17,Clear,1
2019-03-18,Clear,1
2019-03-19,Partially cloudy,1
2019-03-20,"Rain, Partially cloudy",1
2019-03-21,"Rain, Partially cloudy",1
2019-03-22,Clear,1
2019-03-23,Partially cloudy,1
2019-03-24,Clear,1
2019-03-25,Clear,1
2019-03-26,Clear,1
2019-03-27,Partially cloudy,1
2019-03-28,Clear,1
2019-03-29,Clear,1
2019-03-30,Clear,1
2019-03-31,Clear,1
2020-01-01,Clear,1
2020-01-02,Clear,1
2020-01-03,Clear,1
2020-01-04,Clear,1
2020-01-05,Clear,1
2020-01-06,Clear,1
2020-01-07,Clear,1
2020-01-08,Partially cloudy,1
2020-01-09,Partially cloudy,1
2020-01-10,Clear,1
2020-01-11,Partially cloudy,1
2020-01-12,Clear,1
2020-01-13,Partially cloudy,1
2020-01-14,Clear,1
2020-01-15,Clear,1
2020-01-16,"Rain, Partially cloudy",1
2020-01-17,Rain,1
2020-01-18,Clear,1
2020-01-19,Clear,1
2020-01-20,Partially cloudy,1
2020-01-21,"Rain, Partially cloudy",1
2020-01-22,Clear,1
2020-01-23,Clear,1
2020-01-24,Clear,1
2020-01-25,Partially cloudy,1
2020-01-26,Partially cloudy,1
2020-01-27,Clear,1
2020-01-28,Clear,1
2020-01-29,Clear,1
2020-01-30,Clear,1
2020-01-31,Clear,1
2020-02-01,Clear,1
2020-02-02,Partially cloudy,1
2020-02-03,Clear,1
2020-02-04,Clear,1
2020-02-05,Clear,1
2020-02-06,Clear,1
2020-02-07,Clear,1
2020-02-08,Partially cloudy,1
2020-02-09,"Rain, Partially cloudy",1
2020-02-10,Partially cloudy,1
2020-02-11,Clear,1
2020-02-12,Clear,1
2020-02-13,Clear,1
2020-02-14,Clear,1
2020-02-15,Clear,1
2020-02-16,Partially cloudy,1
2020-02-17,Clear,1
2020-02-18,Partially cloudy,1
2020-02-19,Partially cloudy,1
2020-02-20,Clear,1
2020-02-21,Partially cloudy,1
2020-02-22,"Rain, Partially cloudy",1
2020-02-23,Partially cloudy,1
2020-02-24,Clear,1
2020-02-25,Clear,1
2020-02-26,Clear,1
2020-02-27,Clear,1
2020-02-28,Clear,1
2020-02-29,Clear,1
2020-03-01,"Rain, Partially cloudy",1
2020-03-02,Clear,1
2020-03-03,Clear,1
2020-03-04,Partially cloudy,1
2020-03-05,Partially cloudy,1
2020-03-06,Partially cloudy,1
2020-03-07,Partially cloudy,1
2020-03-08,"Rain, Partially cloudy",1
2020-03-09,Partially cloudy,1
2020-03-10,"Rain, Partially cloudy",1
2020-03-11,Partially cloudy,1
2020-03-12,"Rain, Partially cloudy",1
2020-03-13,"Rain, Partially cloudy",1
2020-03-14,"Rain, Partially cloudy",1
2020-03-15,"Rain, Partially cloudy",1
2020-03-16,"Rain, Partially cloudy",1
2020-03-17,"Rain, Partially cloudy",1
2020-03-18,Clear,1
2020-03-19,"Rain, Partially cloudy",1
2020-03-20,"Rain, Partially cloudy",1
2020-03-21,"Rain, Partially cloudy",1
2020-03-22,"Rain, Partially cloudy",1
2020-03-23,"Rain, Partially cloudy",1
2020-03-24,"Rain, Partially cloudy",1
2020-03-25,Partially cloudy,1
2020-03-26,Clear,1
2020-03-27,Clear,1
2020-03-28,Clear,1
2020-03-29,Clear,1
2020-03-30,Clear,1
2020-03-31,Clear,1
2021-01-01,Clear,1
2021-01-02,Clear,1
2021-01-03,Partially cloudy,1
2021-01-04,Partially cloudy,1
2021-01-05,Partially cloudy,1
2021-01-06,Clear,1
2021-01-07,Partially cloudy,1
2021-01-08,Clear,1
2021-01-09,Clear,1
2021-01-10,Clear,1
2021-01-11,Clear,1
2021-01-12,Clear,1
2021-01-13,Clear,1
2021-01-14,Clear,1
2021-01-15,Clear,1
2021-01-16,Clear,1
2021-01-17,Clear,1
2021-01-18,Partially cloudy,1
2021-01-19,Partially cloudy,1
2021-01-20,Clear,1
2021-01-21,Clear,1
2021-01-22,Partially cloudy,1
2021-01-23,"Rain, Partially cloudy",1
2021-01-24,Partially cloudy,1
2021-01-25,"Rain, Partially cloudy",1
2021-01-26,Clear,1
2021-01-27,Partially cloudy,1
2021-01-28,"Rain, Partially cloudy",1
2021-01-29,"Rain, Partially cloudy",1
2021-01-30,Clear,1
2021-01-31,Clear,1
2021-02-01,Partially cloudy,1
2021-02-02,Partially cloudy,1
2021-02-03,Clear,1
2021-02-04,Partially cloudy,1
2021-02-05,Clear,1
2021-02-06,Clear,1
2021-02-07,Partially cloudy,1
2021-02-08,Partially cloudy,1
2021-02-09,Partially cloudy,1
2021-02-10,Partially cloudy,1
2021-02-11,Partially cloudy,1
2021-02-12,"Rain, Partially cloudy",1
2021-02-13,Partially cloudy,1
2021-02-14,Clear,1
2021-02-15,Clear,1
2021-02-16,Partially cloudy,1
2021-02-17,Clear,1
2021-02-18,Clear,1
2021-02-19,Clear,1
2021-02-20,Clear,1
2021-02-21,Clear,1
2021-02-22,Clear,1
2021-02-23,Clear,1
2021-02-24,Clear,1
2021-02-25,Clear,1
2021-02-26,Clear,1
2021-02-27,Clear,1
2021-02-28,Clear,1
2021-03-01,Clear,1
2021-03-02,Clear,1
2021-03-03,"Rain, Partially cloudy",1
2021-03-04,Clear,1
2021-03-05,Clear,1
2021-03-06,Partially cloudy,1
2021-03-07,Partially cloudy,1
2021-03-08,Partially cloudy,1
2021-03-09,Clear,1
2021-03-10,"Rain, Partially cloudy",1
2021-03-11,"Rain, Partially cloudy",1
2021-03-12,Clear,1
2021-03-13,Partially cloudy,1
2021-03-14,Partially cloudy,1
2021-03-15,"Rain, Partially cloudy",1
2021-03-16,Clear,1
2021-03-17,Clear,1
2021-03-18,Clear,1
2021-03-19,Clear,1
2021-03-20,Partially cloudy,1
2021-03-21,Clear,1
2021-03-22,Clear,1
2021-03-23,Partially cloudy,1
2021-03-24,Clear,1
2021-03-25,Partially cloudy,1
2021-03-26,Partially cloudy,1
2021-03-27,Clear,1
2021-03-28,Clear,1
2021-03-29,Clear,1
2021-03-30,Partially cloudy,1
2021-03-31,Clear,1
2022-01-01,Partially cloudy,1
2022-01-02,Clear,1
2022-01-03,Clear,1
2022-01-04,Clear,1
2022-01-05,Clear,1
2022-01-06,Clear,1
2022-01-07,Overcast,1
2022-01-08,Partially cloudy,1
2022-01-09,Clear,1
2022-01-10,Clear,1
2022-01-11,Clear,1
2022-01-12,Clear,1
2022-01-13,Partially cloudy,1
2022-01-14,Clear,1
2022-01-15,"Rain, Partially cloudy",1
2022-01-16,Partially cloudy,1
2022-01-17,"Rain, Overcast",1
2022-01-18,Partially cloudy,1
2022-01-19,Partially cloudy,1
2022-01-20,Clear,1
2022-01-21,Clear,1
2022-01-22,Clear,1
2022-01-23,Clear,1
2022-01-24,Clear,1
2022-01-25,Partially cloudy,1
2022-01-26,Clear,1
2022-01-27,Clear,1
2022-01-28,Clear,1
2022-01-29,Clear,1
2022-01-30,Clear,1
2022-01-31,Clear,1
2022-02-01,Partially cloudy,1
2022-02-02,Clear,1
2022-02-03,Clear,1
2022-02-04,Clear,1
2022-02-05,Clear,1
2022-02-06,Clear,1
2022-02-07,Clear,1
2022-02-08,Clear,1
2022-02-09,Clear,1
2022-02-10,Clear,1
2022-02-11,Clear,1
2022-02-12,Clear,1
2022-02-13,Clear,1
2022-02-14,Clear,1
2022-02-15,"Rain, Partially cloudy",1
2022-02-16,Clear,1
2022-02-17,Clear,1
2022-02-18,Clear,1
2022-02-19,Clear,1
2022-02-20,Partially cloudy,1
2022-02-21,Partially cloudy,1
2022-02-22,"Rain, Partially cloudy",1
2022-02-23,"Rain, Partially cloudy",1
2022-02-24,Clear,1
2022-02-25,Clear,1
2022-02-26,Clear,1
2022-02-27,Clear,1
2022-02-28,Clear,1
2022-03-01,Clear,1
2022-03-02,Clear,1
2022-03-03,Partially cloudy,1
2022-03-04,Partially cloudy,1
2022-03-05,"Rain, Partially cloudy",1
2022-03-06,Clear,1
2022-03-07,Clear,1
2022-03-08,Clear,1
2022-03-09,Clear,1
2022-03-10,Partially cloudy,1
2022-03-11,Clear,1
2022-03-12,Clear,1
2022-03-13,Clear,1
2022-03-14,Partially cloudy,1
2022-03-15,Clear,1
2022-03-16,Clear,1
2022-03-17,Clear,1
2022-03-18,Clear,1
2022-03-19,"Rain, Partially cloudy",1
2022-03-20,Rain,1
2022-03-21,Clear,1
2022-03-22,Clear,1
2022-03-23,Clear,1
2022-03-24,Clear,1
2022-03-25,Partially cloudy,1
2022-03-26,Partially cloudy,1
2022-03-27,Partially cloudy,1
2022-03-28,"Rain, Overcast",1
2022-03-29,"Rain, Partially cloudy",1
2022-03-30,Partially cloudy,1
2022-03-31,Overcast,1
